{"format": "graph-model", "generatedBy": "2.3.1", "convertedBy": "TensorFlow.js Converter v2.4.0", "userDefinedMetadata": {"signature": {"inputs": {"input_1:0": {"name": "input_1:0", "dtype": "DT_FLOAT", "tensorShape": {"dim": [{"size": "-1"}, {"size": "64"}, {"size": "64"}, {"size": "1"}]}}}, "outputs": {"Identity:0": {"name": "Identity:0", "dtype": "DT_FLOAT", "tensorShape": {"dim": [{"size": "-1"}, {"size": "7"}]}}}}}, "modelTopology": {"node": [{"name": "unknown_60", "op": "Const", "attr": {"dtype": {"type": "DT_FLOAT"}, "value": {"tensor": {"dtype": "DT_FLOAT", "tensorShape": {"dim": [{"size": "3"}, {"size": "3"}, {"size": "64"}, {"size": "1"}]}}}}}, {"name": "unknown_66", "op": "Const", "attr": {"value": {"tensor": {"dtype": "DT_FLOAT", "tensorShape": {"dim": [{"size": "3"}, {"size": "3"}, {"size": "128"}, {"size": "1"}]}}}, "dtype": {"type": "DT_FLOAT"}}}, {"name": "unknown_43", "op": "Const", "attr": {"value": {"tensor": {"dtype": "DT_FLOAT", "tensorShape": {"dim": [{"size": "3"}, {"size": "3"}, {"size": "32"}, {"size": "1"}]}}}, "dtype": {"type": "DT_FLOAT"}}}, {"name": "unknown_49", "op": "Const", "attr": {"dtype": {"type": "DT_FLOAT"}, "value": {"tensor": {"dtype": "DT_FLOAT", "tensorShape": {"dim": [{"size": "3"}, {"size": "3"}, {"size": "64"}, {"size": "1"}]}}}}}, {"name": "unknown_26", "op": "Const", "attr": {"value": {"tensor": {"dtype": "DT_FLOAT", "tensorShape": {"dim": [{"size": "3"}, {"size": "3"}, {"size": "16"}, {"size": "1"}]}}}, "dtype": {"type": "DT_FLOAT"}}}, {"name": "unknown_32", "op": "Const", "attr": {"value": {"tensor": {"dtype": "DT_FLOAT", "tensorShape": {"dim": [{"size": "3"}, {"size": "3"}, {"size": "32"}, {"size": "1"}]}}}, "dtype": {"type": "DT_FLOAT"}}}, {"name": "unknown_9", "op": "Const", "attr": {"dtype": {"type": "DT_FLOAT"}, "value": {"tensor": {"dtype": "DT_FLOAT", "tensorShape": {"dim": [{"size": "3"}, {"size": "3"}, {"size": "8"}, {"size": "1"}]}}}}}, {"name": "unknown_15", "op": "Const", "attr": {"dtype": {"type": "DT_FLOAT"}, "value": {"tensor": {"dtype": "DT_FLOAT", "tensorShape": {"dim": [{"size": "3"}, {"size": "3"}, {"size": "16"}, {"size": "1"}]}}}}}, {"name": "unknown_77", "op": "Const", "attr": {"value": {"tensor": {"dtype": "DT_FLOAT", "tensorShape": {"dim": [{"size": "3"}, {"size": "3"}, {"size": "128"}, {"size": "7"}]}}}, "dtype": {"type": "DT_FLOAT"}}}, {"name": "unknown_78", "op": "Const", "attr": {"value": {"tensor": {"dtype": "DT_FLOAT", "tensorShape": {"dim": [{"size": "7"}]}}}, "dtype": {"type": "DT_FLOAT"}}}, {"name": "StatefulPartitionedCall/model_1/global_average_pooling2d_1/Mean/reduction_indices", "op": "Const", "attr": {"dtype": {"type": "DT_INT32"}, "value": {"tensor": {"dtype": "DT_INT32", "tensorShape": {"dim": [{"size": "2"}]}}}}}, {"name": "input_1", "op": "Placeholder", "attr": {"dtype": {"type": "DT_FLOAT"}, "shape": {"shape": {"dim": [{"size": "-1"}, {"size": "64"}, {"size": "64"}, {"size": "1"}]}}}}, {"name": "StatefulPartitionedCall/model_1/conv2d_1/Conv2D_weights", "op": "Const", "attr": {"dtype": {"type": "DT_FLOAT"}, "value": {"tensor": {"dtype": "DT_FLOAT", "tensorShape": {"dim": [{"size": "3"}, {"size": "3"}, {"size": "1"}, {"size": "8"}]}}}}}, {"name": "StatefulPartitionedCall/model_1/conv2d_6/Conv2D_weights", "op": "Const", "attr": {"dtype": {"type": "DT_FLOAT"}, "value": {"tensor": {"dtype": "DT_FLOAT", "tensorShape": {"dim": [{"size": "1"}, {"size": "1"}, {"size": "64"}, {"size": "128"}]}}}}}, {"name": "StatefulPartitionedCall/model_1/conv2d_1/Conv2D_bn_offset", "op": "Const", "attr": {"dtype": {"type": "DT_FLOAT"}, "value": {"tensor": {"dtype": "DT_FLOAT", "tensorShape": {"dim": [{"size": "8"}]}}}}}, {"name": "StatefulPartitionedCall/model_1/conv2d_2/Conv2D_weights", "op": "Const", "attr": {"dtype": {"type": "DT_FLOAT"}, "value": {"tensor": {"dtype": "DT_FLOAT", "tensorShape": {"dim": [{"size": "3"}, {"size": "3"}, {"size": "8"}, {"size": "8"}]}}}}}, {"name": "StatefulPartitionedCall/model_1/conv2d_6/Conv2D_bn_offset", "op": "Const", "attr": {"dtype": {"type": "DT_FLOAT"}, "value": {"tensor": {"dtype": "DT_FLOAT", "tensorShape": {"dim": [{"size": "128"}]}}}}}, {"name": "StatefulPartitionedCall/model_1/conv2d_2/Conv2D_bn_offset", "op": "Const", "attr": {"dtype": {"type": "DT_FLOAT"}, "value": {"tensor": {"dtype": "DT_FLOAT", "tensorShape": {"dim": [{"size": "8"}]}}}}}, {"name": "StatefulPartitionedCall/model_1/conv2d_3/Conv2D_weights", "op": "Const", "attr": {"value": {"tensor": {"dtype": "DT_FLOAT", "tensorShape": {"dim": [{"size": "1"}, {"size": "1"}, {"size": "8"}, {"size": "16"}]}}}, "dtype": {"type": "DT_FLOAT"}}}, {"name": "StatefulPartitionedCall/model_1/separable_conv2d_7/separable_conv2d_weights", "op": "Const", "attr": {"dtype": {"type": "DT_FLOAT"}, "value": {"tensor": {"dtype": "DT_FLOAT", "tensorShape": {"dim": [{"size": "1"}, {"size": "1"}, {"size": "64"}, {"size": "128"}]}}}}}, {"name": "StatefulPartitionedCall/model_1/conv2d_3/Conv2D_bn_offset", "op": "Const", "attr": {"dtype": {"type": "DT_FLOAT"}, "value": {"tensor": {"dtype": "DT_FLOAT", "tensorShape": {"dim": [{"size": "16"}]}}}}}, {"name": "StatefulPartitionedCall/model_1/separable_conv2d_1/separable_conv2d_weights", "op": "Const", "attr": {"dtype": {"type": "DT_FLOAT"}, "value": {"tensor": {"dtype": "DT_FLOAT", "tensorShape": {"dim": [{"size": "1"}, {"size": "1"}, {"size": "8"}, {"size": "16"}]}}}}}, {"name": "StatefulPartitionedCall/model_1/separable_conv2d_1/separable_conv2d_bn_offset", "op": "Const", "attr": {"dtype": {"type": "DT_FLOAT"}, "value": {"tensor": {"dtype": "DT_FLOAT", "tensorShape": {"dim": [{"size": "16"}]}}}}}, {"name": "StatefulPartitionedCall/model_1/separable_conv2d_7/separable_conv2d_bn_offset", "op": "Const", "attr": {"value": {"tensor": {"dtype": "DT_FLOAT", "tensorShape": {"dim": [{"size": "128"}]}}}, "dtype": {"type": "DT_FLOAT"}}}, {"name": "StatefulPartitionedCall/model_1/separable_conv2d_2/separable_conv2d_weights", "op": "Const", "attr": {"value": {"tensor": {"dtype": "DT_FLOAT", "tensorShape": {"dim": [{"size": "1"}, {"size": "1"}, {"size": "16"}, {"size": "16"}]}}}, "dtype": {"type": "DT_FLOAT"}}}, {"name": "StatefulPartitionedCall/model_1/separable_conv2d_2/separable_conv2d_bn_offset", "op": "Const", "attr": {"dtype": {"type": "DT_FLOAT"}, "value": {"tensor": {"dtype": "DT_FLOAT", "tensorShape": {"dim": [{"size": "16"}]}}}}}, {"name": "StatefulPartitionedCall/model_1/conv2d_4/Conv2D_weights", "op": "Const", "attr": {"dtype": {"type": "DT_FLOAT"}, "value": {"tensor": {"dtype": "DT_FLOAT", "tensorShape": {"dim": [{"size": "1"}, {"size": "1"}, {"size": "16"}, {"size": "32"}]}}}}}, {"name": "StatefulPartitionedCall/model_1/conv2d_4/Conv2D_bn_offset", "op": "Const", "attr": {"value": {"tensor": {"dtype": "DT_FLOAT", "tensorShape": {"dim": [{"size": "32"}]}}}, "dtype": {"type": "DT_FLOAT"}}}, {"name": "StatefulPartitionedCall/model_1/separable_conv2d_3/separable_conv2d_weights", "op": "Const", "attr": {"dtype": {"type": "DT_FLOAT"}, "value": {"tensor": {"dtype": "DT_FLOAT", "tensorShape": {"dim": [{"size": "1"}, {"size": "1"}, {"size": "16"}, {"size": "32"}]}}}}}, {"name": "StatefulPartitionedCall/model_1/separable_conv2d_3/separable_conv2d_bn_offset", "op": "Const", "attr": {"dtype": {"type": "DT_FLOAT"}, "value": {"tensor": {"dtype": "DT_FLOAT", "tensorShape": {"dim": [{"size": "32"}]}}}}}, {"name": "StatefulPartitionedCall/model_1/separable_conv2d_8/separable_conv2d_weights", "op": "Const", "attr": {"dtype": {"type": "DT_FLOAT"}, "value": {"tensor": {"dtype": "DT_FLOAT", "tensorShape": {"dim": [{"size": "1"}, {"size": "1"}, {"size": "128"}, {"size": "128"}]}}}}}, {"name": "StatefulPartitionedCall/model_1/separable_conv2d_4/separable_conv2d_weights", "op": "Const", "attr": {"value": {"tensor": {"dtype": "DT_FLOAT", "tensorShape": {"dim": [{"size": "1"}, {"size": "1"}, {"size": "32"}, {"size": "32"}]}}}, "dtype": {"type": "DT_FLOAT"}}}, {"name": "StatefulPartitionedCall/model_1/separable_conv2d_4/separable_conv2d_bn_offset", "op": "Const", "attr": {"dtype": {"type": "DT_FLOAT"}, "value": {"tensor": {"dtype": "DT_FLOAT", "tensorShape": {"dim": [{"size": "32"}]}}}}}, {"name": "StatefulPartitionedCall/model_1/conv2d_5/Conv2D_weights", "op": "Const", "attr": {"dtype": {"type": "DT_FLOAT"}, "value": {"tensor": {"dtype": "DT_FLOAT", "tensorShape": {"dim": [{"size": "1"}, {"size": "1"}, {"size": "32"}, {"size": "64"}]}}}}}, {"name": "StatefulPartitionedCall/model_1/separable_conv2d_8/separable_conv2d_bn_offset", "op": "Const", "attr": {"dtype": {"type": "DT_FLOAT"}, "value": {"tensor": {"dtype": "DT_FLOAT", "tensorShape": {"dim": [{"size": "128"}]}}}}}, {"name": "StatefulPartitionedCall/model_1/conv2d_5/Conv2D_bn_offset", "op": "Const", "attr": {"dtype": {"type": "DT_FLOAT"}, "value": {"tensor": {"dtype": "DT_FLOAT", "tensorShape": {"dim": [{"size": "64"}]}}}}}, {"name": "StatefulPartitionedCall/model_1/separable_conv2d_5/separable_conv2d_weights", "op": "Const", "attr": {"value": {"tensor": {"dtype": "DT_FLOAT", "tensorShape": {"dim": [{"size": "1"}, {"size": "1"}, {"size": "32"}, {"size": "64"}]}}}, "dtype": {"type": "DT_FLOAT"}}}, {"name": "StatefulPartitionedCall/model_1/separable_conv2d_5/separable_conv2d_bn_offset", "op": "Const", "attr": {"value": {"tensor": {"dtype": "DT_FLOAT", "tensorShape": {"dim": [{"size": "64"}]}}}, "dtype": {"type": "DT_FLOAT"}}}, {"name": "StatefulPartitionedCall/model_1/separable_conv2d_6/separable_conv2d_weights", "op": "Const", "attr": {"value": {"tensor": {"dtype": "DT_FLOAT", "tensorShape": {"dim": [{"size": "1"}, {"size": "1"}, {"size": "64"}, {"size": "64"}]}}}, "dtype": {"type": "DT_FLOAT"}}}, {"name": "StatefulPartitionedCall/model_1/separable_conv2d_6/separable_conv2d_bn_offset", "op": "Const", "attr": {"dtype": {"type": "DT_FLOAT"}, "value": {"tensor": {"dtype": "DT_FLOAT", "tensorShape": {"dim": [{"size": "64"}]}}}}}, {"name": "StatefulPartitionedCall/model_1/activation_1/Relu", "op": "_FusedConv2D", "input": ["input_1", "StatefulPartitionedCall/model_1/conv2d_1/Conv2D_weights", "StatefulPartitionedCall/model_1/conv2d_1/Conv2D_bn_offset"], "device": "/device:CPU:0", "attr": {"use_cudnn_on_gpu": {"b": true}, "T": {"type": "DT_FLOAT"}, "num_args": {"i": "1"}, "data_format": {"s": "TkhXQw=="}, "fused_ops": {"list": {"s": ["Qmlhc0FkZA==", "UmVsdQ=="]}}, "dilations": {"list": {"i": ["1", "1", "1", "1"]}}, "padding": {"s": "VkFMSUQ="}, "explicit_paddings": {"list": {}}, "strides": {"list": {"i": ["1", "1", "1", "1"]}}, "epsilon": {"f": 0.0}}}, {"name": "StatefulPartitionedCall/model_1/activation_2/Relu", "op": "_FusedConv2D", "input": ["StatefulPartitionedCall/model_1/activation_1/Relu", "StatefulPartitionedCall/model_1/conv2d_2/Conv2D_weights", "StatefulPartitionedCall/model_1/conv2d_2/Conv2D_bn_offset"], "device": "/device:CPU:0", "attr": {"use_cudnn_on_gpu": {"b": true}, "data_format": {"s": "TkhXQw=="}, "T": {"type": "DT_FLOAT"}, "fused_ops": {"list": {"s": ["Qmlhc0FkZA==", "UmVsdQ=="]}}, "dilations": {"list": {"i": ["1", "1", "1", "1"]}}, "padding": {"s": "VkFMSUQ="}, "num_args": {"i": "1"}, "strides": {"list": {"i": ["1", "1", "1", "1"]}}, "epsilon": {"f": 0.0}, "explicit_paddings": {"list": {}}}}, {"name": "StatefulPartitionedCall/model_1/separable_conv2d_1/separable_conv2d/depthwise", "op": "DepthwiseConv2dNative", "input": ["StatefulPartitionedCall/model_1/activation_2/Relu", "unknown_9"], "attr": {"padding": {"s": "U0FNRQ=="}, "dilations": {"list": {"i": ["1", "1", "1", "1"]}}, "explicit_paddings": {"list": {}}, "strides": {"list": {"i": ["1", "1", "1", "1"]}}, "T": {"type": "DT_FLOAT"}, "data_format": {"s": "TkhXQw=="}}}, {"name": "StatefulPartitionedCall/model_1/batch_normalization_3/FusedBatchNormV3", "op": "_FusedConv2D", "input": ["StatefulPartitionedCall/model_1/activation_2/Relu", "StatefulPartitionedCall/model_1/conv2d_3/Conv2D_weights", "StatefulPartitionedCall/model_1/conv2d_3/Conv2D_bn_offset"], "device": "/device:CPU:0", "attr": {"fused_ops": {"list": {"s": ["Qmlhc0FkZA=="]}}, "epsilon": {"f": 0.0}, "strides": {"list": {"i": ["1", "2", "2", "1"]}}, "data_format": {"s": "TkhXQw=="}, "use_cudnn_on_gpu": {"b": true}, "explicit_paddings": {"list": {}}, "num_args": {"i": "1"}, "padding": {"s": "U0FNRQ=="}, "T": {"type": "DT_FLOAT"}, "dilations": {"list": {"i": ["1", "1", "1", "1"]}}}}, {"name": "StatefulPartitionedCall/model_1/activation_3/Relu", "op": "_FusedConv2D", "input": ["StatefulPartitionedCall/model_1/separable_conv2d_1/separable_conv2d/depthwise", "StatefulPartitionedCall/model_1/separable_conv2d_1/separable_conv2d_weights", "StatefulPartitionedCall/model_1/separable_conv2d_1/separable_conv2d_bn_offset"], "device": "/device:CPU:0", "attr": {"epsilon": {"f": 0.0}, "T": {"type": "DT_FLOAT"}, "dilations": {"list": {"i": ["1", "1", "1", "1"]}}, "fused_ops": {"list": {"s": ["Qmlhc0FkZA==", "UmVsdQ=="]}}, "data_format": {"s": "TkhXQw=="}, "use_cudnn_on_gpu": {"b": true}, "padding": {"s": "VkFMSUQ="}, "strides": {"list": {"i": ["1", "1", "1", "1"]}}, "num_args": {"i": "1"}, "explicit_paddings": {"list": {}}}}, {"name": "StatefulPartitionedCall/model_1/separable_conv2d_2/separable_conv2d/depthwise", "op": "DepthwiseConv2dNative", "input": ["StatefulPartitionedCall/model_1/activation_3/Relu", "unknown_15"], "attr": {"padding": {"s": "U0FNRQ=="}, "dilations": {"list": {"i": ["1", "1", "1", "1"]}}, "data_format": {"s": "TkhXQw=="}, "T": {"type": "DT_FLOAT"}, "explicit_paddings": {"list": {}}, "strides": {"list": {"i": ["1", "1", "1", "1"]}}}}, {"name": "StatefulPartitionedCall/model_1/batch_normalization_5/FusedBatchNormV3", "op": "_FusedConv2D", "input": ["StatefulPartitionedCall/model_1/separable_conv2d_2/separable_conv2d/depthwise", "StatefulPartitionedCall/model_1/separable_conv2d_2/separable_conv2d_weights", "StatefulPartitionedCall/model_1/separable_conv2d_2/separable_conv2d_bn_offset"], "device": "/device:CPU:0", "attr": {"num_args": {"i": "1"}, "fused_ops": {"list": {"s": ["Qmlhc0FkZA=="]}}, "dilations": {"list": {"i": ["1", "1", "1", "1"]}}, "epsilon": {"f": 0.0}, "use_cudnn_on_gpu": {"b": true}, "T": {"type": "DT_FLOAT"}, "padding": {"s": "VkFMSUQ="}, "data_format": {"s": "TkhXQw=="}, "explicit_paddings": {"list": {}}, "strides": {"list": {"i": ["1", "1", "1", "1"]}}}}, {"name": "StatefulPartitionedCall/model_1/max_pooling2d_1/MaxPool", "op": "MaxPool", "input": ["StatefulPartitionedCall/model_1/batch_normalization_5/FusedBatchNormV3"], "attr": {"T": {"type": "DT_FLOAT"}, "strides": {"list": {"i": ["1", "2", "2", "1"]}}, "data_format": {"s": "TkhXQw=="}, "ksize": {"list": {"i": ["1", "3", "3", "1"]}}, "padding": {"s": "U0FNRQ=="}}}, {"name": "StatefulPartitionedCall/model_1/add_1/add", "op": "AddV2", "input": ["StatefulPartitionedCall/model_1/max_pooling2d_1/MaxPool", "StatefulPartitionedCall/model_1/batch_normalization_3/FusedBatchNormV3"], "attr": {"T": {"type": "DT_FLOAT"}}}, {"name": "StatefulPartitionedCall/model_1/separable_conv2d_3/separable_conv2d/depthwise", "op": "DepthwiseConv2dNative", "input": ["StatefulPartitionedCall/model_1/add_1/add", "unknown_26"], "attr": {"dilations": {"list": {"i": ["1", "1", "1", "1"]}}, "data_format": {"s": "TkhXQw=="}, "strides": {"list": {"i": ["1", "1", "1", "1"]}}, "padding": {"s": "U0FNRQ=="}, "T": {"type": "DT_FLOAT"}, "explicit_paddings": {"list": {}}}}, {"name": "StatefulPartitionedCall/model_1/batch_normalization_6/FusedBatchNormV3", "op": "_FusedConv2D", "input": ["StatefulPartitionedCall/model_1/add_1/add", "StatefulPartitionedCall/model_1/conv2d_4/Conv2D_weights", "StatefulPartitionedCall/model_1/conv2d_4/Conv2D_bn_offset"], "device": "/device:CPU:0", "attr": {"fused_ops": {"list": {"s": ["Qmlhc0FkZA=="]}}, "epsilon": {"f": 0.0}, "padding": {"s": "U0FNRQ=="}, "strides": {"list": {"i": ["1", "2", "2", "1"]}}, "T": {"type": "DT_FLOAT"}, "explicit_paddings": {"list": {}}, "dilations": {"list": {"i": ["1", "1", "1", "1"]}}, "num_args": {"i": "1"}, "data_format": {"s": "TkhXQw=="}, "use_cudnn_on_gpu": {"b": true}}}, {"name": "StatefulPartitionedCall/model_1/activation_4/Relu", "op": "_FusedConv2D", "input": ["StatefulPartitionedCall/model_1/separable_conv2d_3/separable_conv2d/depthwise", "StatefulPartitionedCall/model_1/separable_conv2d_3/separable_conv2d_weights", "StatefulPartitionedCall/model_1/separable_conv2d_3/separable_conv2d_bn_offset"], "device": "/device:CPU:0", "attr": {"dilations": {"list": {"i": ["1", "1", "1", "1"]}}, "T": {"type": "DT_FLOAT"}, "fused_ops": {"list": {"s": ["Qmlhc0FkZA==", "UmVsdQ=="]}}, "use_cudnn_on_gpu": {"b": true}, "data_format": {"s": "TkhXQw=="}, "epsilon": {"f": 0.0}, "num_args": {"i": "1"}, "explicit_paddings": {"list": {}}, "padding": {"s": "VkFMSUQ="}, "strides": {"list": {"i": ["1", "1", "1", "1"]}}}}, {"name": "StatefulPartitionedCall/model_1/separable_conv2d_4/separable_conv2d/depthwise", "op": "DepthwiseConv2dNative", "input": ["StatefulPartitionedCall/model_1/activation_4/Relu", "unknown_32"], "attr": {"explicit_paddings": {"list": {}}, "data_format": {"s": "TkhXQw=="}, "strides": {"list": {"i": ["1", "1", "1", "1"]}}, "dilations": {"list": {"i": ["1", "1", "1", "1"]}}, "T": {"type": "DT_FLOAT"}, "padding": {"s": "U0FNRQ=="}}}, {"name": "StatefulPartitionedCall/model_1/batch_normalization_8/FusedBatchNormV3", "op": "_FusedConv2D", "input": ["StatefulPartitionedCall/model_1/separable_conv2d_4/separable_conv2d/depthwise", "StatefulPartitionedCall/model_1/separable_conv2d_4/separable_conv2d_weights", "StatefulPartitionedCall/model_1/separable_conv2d_4/separable_conv2d_bn_offset"], "device": "/device:CPU:0", "attr": {"data_format": {"s": "TkhXQw=="}, "fused_ops": {"list": {"s": ["Qmlhc0FkZA=="]}}, "strides": {"list": {"i": ["1", "1", "1", "1"]}}, "dilations": {"list": {"i": ["1", "1", "1", "1"]}}, "num_args": {"i": "1"}, "explicit_paddings": {"list": {}}, "epsilon": {"f": 0.0}, "use_cudnn_on_gpu": {"b": true}, "T": {"type": "DT_FLOAT"}, "padding": {"s": "VkFMSUQ="}}}, {"name": "StatefulPartitionedCall/model_1/max_pooling2d_2/MaxPool", "op": "MaxPool", "input": ["StatefulPartitionedCall/model_1/batch_normalization_8/FusedBatchNormV3"], "attr": {"T": {"type": "DT_FLOAT"}, "data_format": {"s": "TkhXQw=="}, "padding": {"s": "U0FNRQ=="}, "strides": {"list": {"i": ["1", "2", "2", "1"]}}, "ksize": {"list": {"i": ["1", "3", "3", "1"]}}}}, {"name": "StatefulPartitionedCall/model_1/add_2/add", "op": "AddV2", "input": ["StatefulPartitionedCall/model_1/max_pooling2d_2/MaxPool", "StatefulPartitionedCall/model_1/batch_normalization_6/FusedBatchNormV3"], "attr": {"T": {"type": "DT_FLOAT"}}}, {"name": "StatefulPartitionedCall/model_1/separable_conv2d_5/separable_conv2d/depthwise", "op": "DepthwiseConv2dNative", "input": ["StatefulPartitionedCall/model_1/add_2/add", "unknown_43"], "attr": {"padding": {"s": "U0FNRQ=="}, "dilations": {"list": {"i": ["1", "1", "1", "1"]}}, "explicit_paddings": {"list": {}}, "T": {"type": "DT_FLOAT"}, "strides": {"list": {"i": ["1", "1", "1", "1"]}}, "data_format": {"s": "TkhXQw=="}}}, {"name": "StatefulPartitionedCall/model_1/batch_normalization_9/FusedBatchNormV3", "op": "_FusedConv2D", "input": ["StatefulPartitionedCall/model_1/add_2/add", "StatefulPartitionedCall/model_1/conv2d_5/Conv2D_weights", "StatefulPartitionedCall/model_1/conv2d_5/Conv2D_bn_offset"], "device": "/device:CPU:0", "attr": {"num_args": {"i": "1"}, "strides": {"list": {"i": ["1", "2", "2", "1"]}}, "padding": {"s": "U0FNRQ=="}, "use_cudnn_on_gpu": {"b": true}, "explicit_paddings": {"list": {}}, "data_format": {"s": "TkhXQw=="}, "fused_ops": {"list": {"s": ["Qmlhc0FkZA=="]}}, "dilations": {"list": {"i": ["1", "1", "1", "1"]}}, "epsilon": {"f": 0.0}, "T": {"type": "DT_FLOAT"}}}, {"name": "StatefulPartitionedCall/model_1/activation_5/Relu", "op": "_FusedConv2D", "input": ["StatefulPartitionedCall/model_1/separable_conv2d_5/separable_conv2d/depthwise", "StatefulPartitionedCall/model_1/separable_conv2d_5/separable_conv2d_weights", "StatefulPartitionedCall/model_1/separable_conv2d_5/separable_conv2d_bn_offset"], "device": "/device:CPU:0", "attr": {"strides": {"list": {"i": ["1", "1", "1", "1"]}}, "T": {"type": "DT_FLOAT"}, "dilations": {"list": {"i": ["1", "1", "1", "1"]}}, "use_cudnn_on_gpu": {"b": true}, "data_format": {"s": "TkhXQw=="}, "epsilon": {"f": 0.0}, "num_args": {"i": "1"}, "padding": {"s": "VkFMSUQ="}, "fused_ops": {"list": {"s": ["Qmlhc0FkZA==", "UmVsdQ=="]}}, "explicit_paddings": {"list": {}}}}, {"name": "StatefulPartitionedCall/model_1/separable_conv2d_6/separable_conv2d/depthwise", "op": "DepthwiseConv2dNative", "input": ["StatefulPartitionedCall/model_1/activation_5/Relu", "unknown_49"], "attr": {"explicit_paddings": {"list": {}}, "data_format": {"s": "TkhXQw=="}, "dilations": {"list": {"i": ["1", "1", "1", "1"]}}, "padding": {"s": "U0FNRQ=="}, "T": {"type": "DT_FLOAT"}, "strides": {"list": {"i": ["1", "1", "1", "1"]}}}}, {"name": "StatefulPartitionedCall/model_1/batch_normalization_11/FusedBatchNormV3", "op": "_FusedConv2D", "input": ["StatefulPartitionedCall/model_1/separable_conv2d_6/separable_conv2d/depthwise", "StatefulPartitionedCall/model_1/separable_conv2d_6/separable_conv2d_weights", "StatefulPartitionedCall/model_1/separable_conv2d_6/separable_conv2d_bn_offset"], "device": "/device:CPU:0", "attr": {"epsilon": {"f": 0.0}, "use_cudnn_on_gpu": {"b": true}, "dilations": {"list": {"i": ["1", "1", "1", "1"]}}, "data_format": {"s": "TkhXQw=="}, "num_args": {"i": "1"}, "explicit_paddings": {"list": {}}, "fused_ops": {"list": {"s": ["Qmlhc0FkZA=="]}}, "strides": {"list": {"i": ["1", "1", "1", "1"]}}, "T": {"type": "DT_FLOAT"}, "padding": {"s": "VkFMSUQ="}}}, {"name": "StatefulPartitionedCall/model_1/max_pooling2d_3/MaxPool", "op": "MaxPool", "input": ["StatefulPartitionedCall/model_1/batch_normalization_11/FusedBatchNormV3"], "attr": {"padding": {"s": "U0FNRQ=="}, "T": {"type": "DT_FLOAT"}, "strides": {"list": {"i": ["1", "2", "2", "1"]}}, "data_format": {"s": "TkhXQw=="}, "ksize": {"list": {"i": ["1", "3", "3", "1"]}}}}, {"name": "StatefulPartitionedCall/model_1/add_3/add", "op": "AddV2", "input": ["StatefulPartitionedCall/model_1/max_pooling2d_3/MaxPool", "StatefulPartitionedCall/model_1/batch_normalization_9/FusedBatchNormV3"], "attr": {"T": {"type": "DT_FLOAT"}}}, {"name": "StatefulPartitionedCall/model_1/batch_normalization_12/FusedBatchNormV3", "op": "_FusedConv2D", "input": ["StatefulPartitionedCall/model_1/add_3/add", "StatefulPartitionedCall/model_1/conv2d_6/Conv2D_weights", "StatefulPartitionedCall/model_1/conv2d_6/Conv2D_bn_offset"], "device": "/device:CPU:0", "attr": {"use_cudnn_on_gpu": {"b": true}, "data_format": {"s": "TkhXQw=="}, "num_args": {"i": "1"}, "explicit_paddings": {"list": {}}, "padding": {"s": "U0FNRQ=="}, "T": {"type": "DT_FLOAT"}, "dilations": {"list": {"i": ["1", "1", "1", "1"]}}, "epsilon": {"f": 0.0}, "fused_ops": {"list": {"s": ["Qmlhc0FkZA=="]}}, "strides": {"list": {"i": ["1", "2", "2", "1"]}}}}, {"name": "StatefulPartitionedCall/model_1/separable_conv2d_7/separable_conv2d/depthwise", "op": "DepthwiseConv2dNative", "input": ["StatefulPartitionedCall/model_1/add_3/add", "unknown_60"], "attr": {"dilations": {"list": {"i": ["1", "1", "1", "1"]}}, "padding": {"s": "U0FNRQ=="}, "T": {"type": "DT_FLOAT"}, "explicit_paddings": {"list": {}}, "strides": {"list": {"i": ["1", "1", "1", "1"]}}, "data_format": {"s": "TkhXQw=="}}}, {"name": "StatefulPartitionedCall/model_1/activation_6/Relu", "op": "_FusedConv2D", "input": ["StatefulPartitionedCall/model_1/separable_conv2d_7/separable_conv2d/depthwise", "StatefulPartitionedCall/model_1/separable_conv2d_7/separable_conv2d_weights", "StatefulPartitionedCall/model_1/separable_conv2d_7/separable_conv2d_bn_offset"], "device": "/device:CPU:0", "attr": {"T": {"type": "DT_FLOAT"}, "dilations": {"list": {"i": ["1", "1", "1", "1"]}}, "strides": {"list": {"i": ["1", "1", "1", "1"]}}, "data_format": {"s": "TkhXQw=="}, "num_args": {"i": "1"}, "fused_ops": {"list": {"s": ["Qmlhc0FkZA==", "UmVsdQ=="]}}, "epsilon": {"f": 0.0}, "explicit_paddings": {"list": {}}, "padding": {"s": "VkFMSUQ="}, "use_cudnn_on_gpu": {"b": true}}}, {"name": "StatefulPartitionedCall/model_1/separable_conv2d_8/separable_conv2d/depthwise", "op": "DepthwiseConv2dNative", "input": ["StatefulPartitionedCall/model_1/activation_6/Relu", "unknown_66"], "attr": {"data_format": {"s": "TkhXQw=="}, "padding": {"s": "U0FNRQ=="}, "dilations": {"list": {"i": ["1", "1", "1", "1"]}}, "explicit_paddings": {"list": {}}, "strides": {"list": {"i": ["1", "1", "1", "1"]}}, "T": {"type": "DT_FLOAT"}}}, {"name": "StatefulPartitionedCall/model_1/batch_normalization_14/FusedBatchNormV3", "op": "_FusedConv2D", "input": ["StatefulPartitionedCall/model_1/separable_conv2d_8/separable_conv2d/depthwise", "StatefulPartitionedCall/model_1/separable_conv2d_8/separable_conv2d_weights", "StatefulPartitionedCall/model_1/separable_conv2d_8/separable_conv2d_bn_offset"], "device": "/device:CPU:0", "attr": {"explicit_paddings": {"list": {}}, "fused_ops": {"list": {"s": ["Qmlhc0FkZA=="]}}, "epsilon": {"f": 0.0}, "use_cudnn_on_gpu": {"b": true}, "padding": {"s": "VkFMSUQ="}, "dilations": {"list": {"i": ["1", "1", "1", "1"]}}, "num_args": {"i": "1"}, "T": {"type": "DT_FLOAT"}, "strides": {"list": {"i": ["1", "1", "1", "1"]}}, "data_format": {"s": "TkhXQw=="}}}, {"name": "StatefulPartitionedCall/model_1/max_pooling2d_4/MaxPool", "op": "MaxPool", "input": ["StatefulPartitionedCall/model_1/batch_normalization_14/FusedBatchNormV3"], "attr": {"data_format": {"s": "TkhXQw=="}, "ksize": {"list": {"i": ["1", "3", "3", "1"]}}, "strides": {"list": {"i": ["1", "2", "2", "1"]}}, "padding": {"s": "U0FNRQ=="}, "T": {"type": "DT_FLOAT"}}}, {"name": "StatefulPartitionedCall/model_1/add_4/add", "op": "AddV2", "input": ["StatefulPartitionedCall/model_1/max_pooling2d_4/MaxPool", "StatefulPartitionedCall/model_1/batch_normalization_12/FusedBatchNormV3"], "attr": {"T": {"type": "DT_FLOAT"}}}, {"name": "StatefulPartitionedCall/model_1/conv2d_7/BiasAdd", "op": "_FusedConv2D", "input": ["StatefulPartitionedCall/model_1/add_4/add", "unknown_77", "unknown_78"], "device": "/device:CPU:0", "attr": {"epsilon": {"f": 0.0}, "num_args": {"i": "1"}, "fused_ops": {"list": {"s": ["Qmlhc0FkZA=="]}}, "data_format": {"s": "TkhXQw=="}, "dilations": {"list": {"i": ["1", "1", "1", "1"]}}, "use_cudnn_on_gpu": {"b": true}, "explicit_paddings": {"list": {}}, "strides": {"list": {"i": ["1", "1", "1", "1"]}}, "padding": {"s": "U0FNRQ=="}, "T": {"type": "DT_FLOAT"}}}, {"name": "StatefulPartitionedCall/model_1/global_average_pooling2d_1/Mean", "op": "Mean", "input": ["StatefulPartitionedCall/model_1/conv2d_7/BiasAdd", "StatefulPartitionedCall/model_1/global_average_pooling2d_1/Mean/reduction_indices"], "attr": {"keep_dims": {"b": false}, "Tidx": {"type": "DT_INT32"}, "T": {"type": "DT_FLOAT"}}}, {"name": "StatefulPartitionedCall/model_1/predictions/Softmax", "op": "Softmax", "input": ["StatefulPartitionedCall/model_1/global_average_pooling2d_1/Mean"], "attr": {"T": {"type": "DT_FLOAT"}}}, {"name": "Identity", "op": "Identity", "input": ["StatefulPartitionedCall/model_1/predictions/Softmax"], "attr": {"T": {"type": "DT_FLOAT"}}}], "library": {}, "versions": {"producer": 440}}, "weightsManifest": [{"paths": ["group1-shard1of1.bin"], "weights": [{"name": "unknown_60", "shape": [3, 3, 64, 1], "dtype": "float32"}, {"name": "unknown_66", "shape": [3, 3, 128, 1], "dtype": "float32"}, {"name": "unknown_43", "shape": [3, 3, 32, 1], "dtype": "float32"}, {"name": "unknown_49", "shape": [3, 3, 64, 1], "dtype": "float32"}, {"name": "unknown_26", "shape": [3, 3, 16, 1], "dtype": "float32"}, {"name": "unknown_32", "shape": [3, 3, 32, 1], "dtype": "float32"}, {"name": "unknown_9", "shape": [3, 3, 8, 1], "dtype": "float32"}, {"name": "unknown_15", "shape": [3, 3, 16, 1], "dtype": "float32"}, {"name": "unknown_77", "shape": [3, 3, 128, 7], "dtype": "float32"}, {"name": "unknown_78", "shape": [7], "dtype": "float32"}, {"name": "StatefulPartitionedCall/model_1/global_average_pooling2d_1/Mean/reduction_indices", "shape": [2], "dtype": "int32"}, {"name": "StatefulPartitionedCall/model_1/conv2d_1/Conv2D_weights", "shape": [3, 3, 1, 8], "dtype": "float32"}, {"name": "StatefulPartitionedCall/model_1/conv2d_6/Conv2D_weights", "shape": [1, 1, 64, 128], "dtype": "float32"}, {"name": "StatefulPartitionedCall/model_1/conv2d_1/Conv2D_bn_offset", "shape": [8], "dtype": "float32"}, {"name": "StatefulPartitionedCall/model_1/conv2d_2/Conv2D_weights", "shape": [3, 3, 8, 8], "dtype": "float32"}, {"name": "StatefulPartitionedCall/model_1/conv2d_6/Conv2D_bn_offset", "shape": [128], "dtype": "float32"}, {"name": "StatefulPartitionedCall/model_1/conv2d_2/Conv2D_bn_offset", "shape": [8], "dtype": "float32"}, {"name": "StatefulPartitionedCall/model_1/conv2d_3/Conv2D_weights", "shape": [1, 1, 8, 16], "dtype": "float32"}, {"name": "StatefulPartitionedCall/model_1/separable_conv2d_7/separable_conv2d_weights", "shape": [1, 1, 64, 128], "dtype": "float32"}, {"name": "StatefulPartitionedCall/model_1/conv2d_3/Conv2D_bn_offset", "shape": [16], "dtype": "float32"}, {"name": "StatefulPartitionedCall/model_1/separable_conv2d_1/separable_conv2d_weights", "shape": [1, 1, 8, 16], "dtype": "float32"}, {"name": "StatefulPartitionedCall/model_1/separable_conv2d_1/separable_conv2d_bn_offset", "shape": [16], "dtype": "float32"}, {"name": "StatefulPartitionedCall/model_1/separable_conv2d_7/separable_conv2d_bn_offset", "shape": [128], "dtype": "float32"}, {"name": "StatefulPartitionedCall/model_1/separable_conv2d_2/separable_conv2d_weights", "shape": [1, 1, 16, 16], "dtype": "float32"}, {"name": "StatefulPartitionedCall/model_1/separable_conv2d_2/separable_conv2d_bn_offset", "shape": [16], "dtype": "float32"}, {"name": "StatefulPartitionedCall/model_1/conv2d_4/Conv2D_weights", "shape": [1, 1, 16, 32], "dtype": "float32"}, {"name": "StatefulPartitionedCall/model_1/conv2d_4/Conv2D_bn_offset", "shape": [32], "dtype": "float32"}, {"name": "StatefulPartitionedCall/model_1/separable_conv2d_3/separable_conv2d_weights", "shape": [1, 1, 16, 32], "dtype": "float32"}, {"name": "StatefulPartitionedCall/model_1/separable_conv2d_3/separable_conv2d_bn_offset", "shape": [32], "dtype": "float32"}, {"name": "StatefulPartitionedCall/model_1/separable_conv2d_8/separable_conv2d_weights", "shape": [1, 1, 128, 128], "dtype": "float32"}, {"name": "StatefulPartitionedCall/model_1/separable_conv2d_4/separable_conv2d_weights", "shape": [1, 1, 32, 32], "dtype": "float32"}, {"name": "StatefulPartitionedCall/model_1/separable_conv2d_4/separable_conv2d_bn_offset", "shape": [32], "dtype": "float32"}, {"name": "StatefulPartitionedCall/model_1/conv2d_5/Conv2D_weights", "shape": [1, 1, 32, 64], "dtype": "float32"}, {"name": "StatefulPartitionedCall/model_1/separable_conv2d_8/separable_conv2d_bn_offset", "shape": [128], "dtype": "float32"}, {"name": "StatefulPartitionedCall/model_1/conv2d_5/Conv2D_bn_offset", "shape": [64], "dtype": "float32"}, {"name": "StatefulPartitionedCall/model_1/separable_conv2d_5/separable_conv2d_weights", "shape": [1, 1, 32, 64], "dtype": "float32"}, {"name": "StatefulPartitionedCall/model_1/separable_conv2d_5/separable_conv2d_bn_offset", "shape": [64], "dtype": "float32"}, {"name": "StatefulPartitionedCall/model_1/separable_conv2d_6/separable_conv2d_weights", "shape": [1, 1, 64, 64], "dtype": "float32"}, {"name": "StatefulPartitionedCall/model_1/separable_conv2d_6/separable_conv2d_bn_offset", "shape": [64], "dtype": "float32"}]}]}